nextPosition,description,prediction
1,zentails mission make ecommerce simple software make easy brand retailer centrally manage product information listing inventory pricing order fulfillment major online shopping site including amazon google faceboo,0.0
1,post sponsored maircle,0.0
1,pushing ahead selfdriving car race,0.0
1,exclusive black bear international launched international sale onfred ginger musical passionate explosive relationship hollywood dance legend fred astaire andgingerrogers project formerly set amazon,0.0
1,week samsung start shipping galaxy smartphone flagship new galaxy book series laptop series feature heavily week deal meanwhile price pixel duo fallen well cost pixe,1.0
1,european commission satisfied joint venture wont create competitive problem localsin world saturated digital ad four europe mightiest telco soon ask citizen theyre willing volunteer phone number startup prom,0.0
1,aws announces general availability amazon elastic compute cloud amazon ec mg instance amazon ec rg instance instance powered aws graviton processor deliver better performance gravitonbased instance co,1.0
1,valentine day almost mean shipping cutoff fast approaching best lastminute gift thoughtful speedy,-1.0
1,save apple watch ultra amazon via instant rebate bonus saving checkout bringing price lowest ever ecommerce giantapple watch ultra sale amazonamazons latest apple markdown hit app,0.0
1,amazon tb wdblack tb snx nvme internal gaming ssd w heatsink wdstxhe shipping freethanks community member silveradar sharing dealvarious retailer,0.0
1,amazon oz wellness kittles crunchy cat treat tuna cranberry sale following instruction shipping free prime order thanks,0.0
1,seo freelancer sam bazzi went upwork side hustle health issue meant needed flexible work,-1.0
1,top deal day tuesday include sale get lefant robot vacuum thats alltime post today deal robot vacuum macbook air jbl earbuds appeared first bgr,0.0
1,tuesday series notable apple deal tap rounding best best fold today highlight first shine spotlight apple magic keyboard inch ipad pro even musthave,0.0
1,amazon stock nasdaq amzn gained roughly ytd compared increase sp index period,1.0
1,kemimoto winter warming heated clothing sale apply extra discount coupon code aff checkout shipping freethanks slickdeals staff member thepressbox findin,0.0
1,given mess country market may good thing,1.0
1,cnbc reported streaming giant apple amazon expressed interest acquiring nba streaming right apple latest endeavor came cupertinobased read,0.0
1,spoutless trainer cup faucet extenders bottle brush moreview entire post,0.0
1,chesapeake valying wait local parent trent petra winstrom entered home switched light amazon echo home reportedly informed tuesday heard everything taking kid thats right ive eav,0.0
0,today edition salesforce applies pressure danger elon musk brainchip company,-1.0
1,result underwater photographer year competition announced american photographer kat zhou named underwater photographer year outstanding photo amazon river dolphinread,0.0
0,samsung galaxy ultra may new market still save money know,1.0
0,comparatively people follow crown channel participate chat suggesting arent engaging programming report amazon launched crown channel livestreaming platform twitch ecommerce giant,0.0
0,ethan mollick entrepreneurship professor compared bing chatgpts response prompt found difference quite large,1.0
0,new york mets owner fund bet elon musk company buying share call option took million stake videogame retailer,0.0
0,update popular deal still available amazon offer select amazon account place order amazon package pickup get order promo code pickupoff note,0.0
0,study find instacart us dark pattern online grocery website countdown get free delivery,0.0
0,benefit active noise cancellation personalized spatial audio six hour listening,0.0
0,economy business backdrop grim energy boom shareholder payouts helpedlondons bluechip share index ftse hit new alltime high point thursdaybut ftse strong uk economy expe,1.0
0,listen recap top story day tomac tomac daily available itunes apple podcasts app stitcher tunein google play dedicated r feed overcast podcast playersenjoy podcast shop su,0.0
0,samsung galaxy ultra may new market still save money know,1.0
0,meet new class social medium star theyve got pixelsin november socialite itgirl aughtsparis hilton married venture capitalist carter reum swanky wedding bel air red carpet galasworth star turned nicole,0.0
0,today tracking deal apple macbook pro amazon select model previousgeneration macbook pro includes sale inch inch model macbook proinch macbook prostar,0.0
0,employee required come office three day week,-1.0
0,today edition jeff bezos megayacht set sail google internal mandate chatgpt competitor,0.0
0,end long holiday weekend shopping best president day sale found deal samsung amazon irobot kate spade surprise,0.0
0,tv builtin microphone handsfree alexa control youre prime member pick one much,0.0
0,suspected deepfake video shared tiktok appears show joe rogan guest promoting supplement called alpha grind video removed breaching tiktoks policy,0.0
0,hottest deal found today include samsung k mini led smart tv echo show th gen ipod touch acer curved monitorsave acer curved monitorthe appleinsider staff search internet,0.0
0,nintendo switch built staggering roster great game since launching right dozen seeing generous price cut whether youre interested couch coop sweeping openworld adventure want stay active f,0.0
0,heading holiday weekend fresh batch apple deal live ahead president day tap lovely friday morning best price since black friday arrived apple inch ipad pro also getting h,1.0
0,apple must show integrate ai like chatgpt product even though known ai innovation tall order company facing plenty challenge,0.0
0,shoe make airport feel like breeze youll love wearing rest trip,0.0
0,rate technology progressing astounding sign slowing easy get bogged news next big thing dont get complacent technology continues advance drive business innovation devops domin,0.0
0,amazon count kellogg special k pastry crisp breakfast bar strawberry clip coupon product page checkout via subscribe save shipping free,0.0
0,comic meant pay homage wood title hello world probably gotten autograph,0.0
0,apple laid hundred contractor last several day new report say come report last august said apple laid least contract recruiter apple however largely avoided layoff scale,-1.0
0,amazonanker magnetic wireless chargeroff post offanker magnetic wireless charger first appeared touch lab touch lab,0.0
0,stream new release caroline polachek skrillex avey tare screaming female nappy nina runnner mioclono hellripper,0.0
0,work home flexibility coming end amazon employee though company million full parttime worker labor warehouse delivery driversthe ecommerce giant also employ hundred thousand corporate tech,0.0
0,film streaming free prime video amazon prime membership theyre good,0.0
0,company aim draw new technology codewriting ability make digital world even customizable,1.0
0,season amazon prime show made burgue world philo orlando bloom vignette cara delevingne inhabit feel much contained boring,0.0
0,savannization brazilian amazon threatening land animal live losing amazon forest speak,-1.0
0,hottest deal found today include samsung k mini led smart tv echo show th gen ipod touch acer curved monitorsave acer curved monitorthe appleinsider staff search internet,0.0
0,federal regulator including national highway transportation safety agency looking whether robotaxis made amazon subsidiary zoox actually meet requirement travel public road company selfcertified vehicle,0.0
0,one woman endometriosis still difficult diagnose treat olivia culpo weighed worked herview entire post,-1.0
0,starz said today partnered amazon bundle mgm prime video u subscription bundle starz first launch coming week month discount combined price standalone subscription,0.0
0,new brazilian government recently conducted operation expel thousand illegal gold miner indigenous yanomami land amazon rainforest miner caused humanitarian crisis among yanomami suffered severe malnutri,-1.0
1,recently brett schickler never imagined could published author though dreamed learning hreftechnologychatgptspopularityexplodesuslawmakerstakeaninterestchatgpt artificial intelli,0.0
1,tech giant better shot comeback year,1.0
1,amazon lg ukb k uhd hdr ip freesync monitor shipping free adorama lg ukb k uhd hdr ip freesync monitor shipping,0.0
0,select fire tv model stream audio directly bluetoothenabled cochlear hearing implant eliminating need extra device,0.0
1,recently brett schickler never imagined could published author though dreamed learning hreftechnologychatgptspopularityexplodesuslawmakerstakeaninterestchatgpt artificial intelli,0.0
0,seattle city council approved ordinance tuesday add caste protected class city antidiscrimination law alongside category race religion gender identity,0.0
0,openai snatched dozen former google meta employee race dominate ai war,0.0
1,amazon lg ukb k uhd hdr ip freesync monitor shipping free adorama lg ukb k uhd hdr ip freesync monitor shipping,0.0
0,check movie smile standout horror flick prime video,0.0
0,world first amazon partnered cochlear make watching movie show accessible folk hearing loss streaming audio fire tv device directly cochlear hearing implant sound processorcontinue readingcategory tech,0.0
0,practical item amazon clean home add beauty routine make life easier,0.0
0,select fire tv model stream audio directly bluetoothenabled cochlear hearing implant eliminating need extra device,0.0
0,want best spring break fit without spending money favorite amazon fashion find,0.0
0,percent foreignborn tech worker seattle home headquarters company like amazon microsoft india,0.0
0,editor clarkesworld said magazine stopped taking submission receiving short story flagged plagiarism,-1.0
0,everyone need flashlight one reason another rounded pick best flashlight option currently amazon,0.0
0,samsungs latest galaxy watch best android smartwatch buy especially price,0.0
0,amazon horizon forbidden west standard edition p sale shipping free thanks deal hunter phoinix sharing deal deal editor note price,0.0
0,update deal still available amazon count oz payday peanut caramel candy bar sale shipping free w prime order thanks deal hunter,0.0
0,future wonder woman dc movie seems little bleak patty jenkins walking away future franchise various reason diana getting brought much new dc studio boss james gunn peter safrans big pla,0.0
0,aws google oracle may benefit microsoft blame pentagon pentagon blame microsofta hole department defense email server operated microsoft left terabyte sensitive data exposed le month office w,-1.0
0,retail fomo trade fueled individual investor purchasing average billion stock every day according vanda,0.0
0,fast nvme drive sata iii ssds usb portable drive micro sd card discounted today,0.0
0,model cosori air fryer recalled thursday according release u consumer product safety commission,-1.0
0,direct report who prone outburst hurt morale team leader need get top situation stat,0.0
0,streaming giant faced increasing competition rival including amazon hbo disney,-1.0
0,anker back collection discount popular charging accessory today including notable saving wall charger portable battery wireless charging mat usbc cable accessory found amazon time around sh,1.0
0,law enforcement agency warns scam ad designed steal banking detail appearing atop search result,-1.0
0,need storage japandi swag best coffee table landed help put baby foot style,0.0
0,aws google oracle may benefit microsoft blame pentagon pentagon blame microsofta hole department defense email server operated microsoft left terabyte sensitive data exposed le month office w,-1.0
0,ayahuasca source knowledge heart amazon second column th story link drudge report feed need support become patron,0.0
0,three stock offer investor high risk high return potential,0.0
0,anker back collection discount popular charging accessory today including notable saving wall charger portable battery wireless charging mat usbc cable accessory found amazon time around sh,1.0
0,looking hard drive back store file best external storage drive designer photographer creatives,0.0
0,save hot nintendo switch game accessory deal time weekend,0.0
0,amazon share price decrease laudable historical company going click find,0.0
0,affordable problemsolving find amazon help turn shoe nightmare shoe dream run toward happily ever one step time,0.0
1,alessandra sampaio preparing visit remote area husband indigenous expert bruno pereira murdered last yearthe widow british journalist dom phillips spoken desire raise awareness urgent complex crisis facing ama,0.0
1,buying american import amazon uk one best way get steep discount without resorting lesserknown seller occasionally find deal street ahead nearest comparable price blighty thats case deal,0.0
1,bayshine trading via amazon gb google pixel g unlocked android smartphone renewed excellent condition sale listed shipping freethanks community member frenzytom fo,0.0
1,former manager said resisted placing worker coaching program said told believe mechanism good intention,1.0
1,today edition deal day best deal stumbled browsing web morning please note geek sexy might get small commission qualifying purchase done post amazon associate,0.0
1,recognizing online attack plan address fallout help business leader avoid negative consequence,0.0
1,prime video morning released first look global spy series anthony joe russo citadel premiere april two episode followed new episode released weekly every friday may image bigbudget ser,0.0
